{"version": "1", "message": "ERROR: Hidden Testcases server unreachable.", "problem_id": "cspp1_m10_a1_1", "user_id": "samyumobiMSIT", "score": {"sample": {"0": {"execution_time": 0.10393881797790527, "passed": true}, "1": {"execution_time": 10.073133945465088, "passed": false}, "2": {"execution_time": 10.07008671760559, "passed": false}, "3": {"execution_time": 10.082474946975708, "passed": false}, "4": {"execution_time": 10.080463409423828, "passed": false}, "5": {"execution_time": 10.078013896942139, "passed": false}, "6": {"execution_time": 10.07586932182312, "passed": false}, "7": {"execution_time": 10.077910900115967, "passed": false}, "8": {"execution_time": 10.166513442993164, "passed": false}, "9": {"execution_time": 10.08503270149231, "passed": false}, "10": {"execution_time": 10.07194709777832, "passed": false}, "11": {"execution_time": 10.064695358276367, "passed": false}, "12": {"execution_time": 10.07338809967041, "passed": false}, "13": {"execution_time": 10.060558557510376, "passed": false}, "14": {"execution_time": 10.06821584701538, "passed": false}, "15": {"execution_time": 10.076917171478271, "passed": false}, "16": {"execution_time": 10.074277639389038, "passed": false}, "17": {"execution_time": 0.10494017601013184, "passed": true}, "18": {"execution_time": 10.06994104385376, "passed": false}, "19": {"execution_time": 10.078150749206543, "passed": false}, "20": {"execution_time": 0.11293554306030273, "passed": true}, "21": {"execution_time": 10.074083805084229, "passed": false}, "22": {"execution_time": 10.076634645462036, "passed": false}, "23": {"execution_time": 10.110332489013672, "passed": false}, "24": {"execution_time": 10.10414981842041, "passed": false}}}, "pylint_score": "-6/10"}