{"version": "1", "message": "ERROR: Hidden Testcases server unreachable.", "problem_id": "cspp1_m10_a1_1", "user_id": "samyumobiMSIT", "score": {"sample": {"0": {"execution_time": 0.06394362449645996, "passed": true}, "1": {"execution_time": 10.075783491134644, "passed": false}, "2": {"execution_time": 10.080777883529663, "passed": false}, "3": {"execution_time": 10.070297002792358, "passed": false}, "4": {"execution_time": 10.066503286361694, "passed": false}, "5": {"execution_time": 10.067340612411499, "passed": false}, "6": {"execution_time": 10.068630456924438, "passed": false}, "7": {"execution_time": 10.062338829040527, "passed": false}, "8": {"execution_time": 10.070881366729736, "passed": false}, "9": {"execution_time": 10.06833004951477, "passed": false}, "10": {"execution_time": 10.065242052078247, "passed": false}, "11": {"execution_time": 10.068897247314453, "passed": false}, "12": {"execution_time": 10.064971446990967, "passed": false}, "13": {"execution_time": 10.067299365997314, "passed": false}, "14": {"execution_time": 10.06632685661316, "passed": false}, "15": {"execution_time": 10.068655967712402, "passed": false}, "16": {"execution_time": 10.069730520248413, "passed": false}, "17": {"execution_time": 0.07595515251159668, "passed": true}, "18": {"execution_time": 10.069795370101929, "passed": false}, "19": {"execution_time": 10.073548555374146, "passed": false}, "20": {"execution_time": 0.07195925712585449, "passed": true}, "21": {"execution_time": 10.065843343734741, "passed": false}, "22": {"execution_time": 10.066046476364136, "passed": false}, "23": {"execution_time": 10.065277814865112, "passed": false}, "24": {"execution_time": 10.067519187927246, "passed": false}}}, "pylint_score": "-6/10"}