{"version": "1", "message": "ERROR: Hidden Testcases server unreachable.", "problem_id": "cspp1_m10_a1_1", "user_id": "samyumobiMSIT", "score": {"sample": {"0": {"execution_time": 0.10294222831726074, "passed": true}, "1": {"execution_time": 10.072290897369385, "passed": false}, "2": {"execution_time": 10.084704160690308, "passed": false}, "3": {"execution_time": 10.095697402954102, "passed": false}, "4": {"execution_time": 10.083781242370605, "passed": false}, "5": {"execution_time": 10.08657193183899, "passed": false}, "6": {"execution_time": 10.07904863357544, "passed": false}, "7": {"execution_time": 10.07096529006958, "passed": false}, "8": {"execution_time": 10.122185468673706, "passed": false}, "9": {"execution_time": 10.098274230957031, "passed": false}, "10": {"execution_time": 10.083199739456177, "passed": false}, "11": {"execution_time": 10.072396755218506, "passed": false}, "12": {"execution_time": 10.084670782089233, "passed": false}, "13": {"execution_time": 10.0847749710083, "passed": false}, "14": {"execution_time": 10.066749811172485, "passed": false}, "15": {"execution_time": 10.083754539489746, "passed": false}, "16": {"execution_time": 10.12835693359375, "passed": false}, "17": {"execution_time": 0.11404871940612793, "passed": true}, "18": {"execution_time": 10.069023847579956, "passed": false}, "19": {"execution_time": 10.07478642463684, "passed": false}, "20": {"execution_time": 0.12447667121887207, "passed": true}, "21": {"execution_time": 10.068307638168335, "passed": false}, "22": {"execution_time": 10.066094160079956, "passed": false}, "23": {"execution_time": 0.11919355392456055, "passed": false}, "24": {"execution_time": 0.1298072338104248, "passed": false}}}, "pylint_score": "0/0"}