{"version": "1", "message": "ERROR: Hidden Testcases server unreachable.", "problem_id": "cspp1_m10_a1_1", "user_id": "samyumobiMSIT", "score": {"sample": {"0": {"execution_time": 0.10993742942810059, "passed": true}, "1": {"execution_time": 10.117923259735107, "passed": false}, "2": {"execution_time": 10.07106900215149, "passed": false}, "3": {"execution_time": 10.065628290176392, "passed": false}, "4": {"execution_time": 10.089415311813354, "passed": false}, "5": {"execution_time": 10.06690263748169, "passed": false}, "6": {"execution_time": 10.062700748443604, "passed": false}, "7": {"execution_time": 10.067032098770142, "passed": false}, "8": {"execution_time": 10.063122749328613, "passed": false}, "9": {"execution_time": 10.076040029525757, "passed": false}, "10": {"execution_time": 10.073737382888794, "passed": false}, "11": {"execution_time": 10.070792436599731, "passed": false}, "12": {"execution_time": 10.078208446502686, "passed": false}, "13": {"execution_time": 10.07565689086914, "passed": false}, "14": {"execution_time": 10.101661205291748, "passed": false}, "15": {"execution_time": 10.082630157470703, "passed": false}, "16": {"execution_time": 10.07925033569336, "passed": false}, "17": {"execution_time": 0.08895087242126465, "passed": true}, "18": {"execution_time": 10.072209358215332, "passed": false}, "19": {"execution_time": 10.087451696395874, "passed": false}, "20": {"execution_time": 0.10594344139099121, "passed": true}, "21": {"execution_time": 10.115418434143066, "passed": false}, "22": {"execution_time": 10.093397378921509, "passed": false}, "23": {"execution_time": 10.052849054336548, "passed": false}, "24": {"execution_time": 10.061037540435791, "passed": false}}}, "pylint_score": "-7/10"}