{"version": "1", "message": "ERROR: Hidden Testcases server unreachable.", "problem_id": "cspp1_m10_a1_1", "user_id": "samyumobiMSIT", "score": {"sample": {"0": {"execution_time": 0.10594034194946289, "passed": true}, "1": {"execution_time": 10.083447933197021, "passed": false}, "2": {"execution_time": 10.08279013633728, "passed": false}, "3": {"execution_time": 10.092121362686157, "passed": false}, "4": {"execution_time": 10.07651400566101, "passed": false}, "5": {"execution_time": 10.077710151672363, "passed": false}, "6": {"execution_time": 10.070079803466797, "passed": false}, "7": {"execution_time": 10.056913614273071, "passed": false}, "8": {"execution_time": 10.083319187164307, "passed": false}, "9": {"execution_time": 10.081770181655884, "passed": false}, "10": {"execution_time": 10.086296319961548, "passed": false}, "11": {"execution_time": 10.07356071472168, "passed": false}, "12": {"execution_time": 10.064651727676392, "passed": false}, "13": {"execution_time": 10.118444681167603, "passed": false}, "14": {"execution_time": 10.093096256256104, "passed": false}, "15": {"execution_time": 10.201643228530884, "passed": false}, "16": {"execution_time": 10.158233404159546, "passed": false}, "17": {"execution_time": 0.09994077682495117, "passed": true}, "18": {"execution_time": 10.083576917648315, "passed": false}, "19": {"execution_time": 10.112558126449585, "passed": false}, "20": {"execution_time": 0.12892603874206543, "passed": true}, "21": {"execution_time": 10.10244083404541, "passed": false}, "22": {"execution_time": 10.079373359680176, "passed": false}, "23": {"execution_time": 10.082182168960571, "passed": false}, "24": {"execution_time": 10.079668283462524, "passed": false}}}, "pylint_score": "-8/10"}