{"version": "1", "message": "ERROR: Hidden Testcases server unreachable.", "problem_id": "cspp1_m10_a1_1", "user_id": "samyumobiMSIT", "score": {"sample": {"0": {"execution_time": 0.06297063827514648, "passed": true}, "1": {"execution_time": 0.06395888328552246, "passed": false}, "2": {"execution_time": 0.06795835494995117, "passed": false}, "3": {"execution_time": 0.06394457817077637, "passed": false}, "4": {"execution_time": 0.06496548652648926, "passed": false}, "5": {"execution_time": 0.06396126747131348, "passed": false}, "6": {"execution_time": 0.0644388198852539, "passed": false}, "7": {"execution_time": 0.06294798851013184, "passed": false}, "8": {"execution_time": 0.06590127944946289, "passed": false}, "9": {"execution_time": 0.06298995018005371, "passed": false}, "10": {"execution_time": 0.06594300270080566, "passed": false}, "11": {"execution_time": 0.06394624710083008, "passed": false}, "12": {"execution_time": 0.06344985961914062, "passed": false}, "13": {"execution_time": 0.06596088409423828, "passed": false}, "14": {"execution_time": 0.06795668601989746, "passed": false}, "15": {"execution_time": 0.06997418403625488, "passed": false}, "16": {"execution_time": 0.06595969200134277, "passed": false}, "17": {"execution_time": 0.06497740745544434, "passed": true}, "18": {"execution_time": 0.06098461151123047, "passed": false}, "19": {"execution_time": 0.08095431327819824, "passed": false}, "20": {"execution_time": 0.06995964050292969, "passed": true}, "21": {"execution_time": 0.06851673126220703, "passed": false}, "22": {"execution_time": 0.0699625015258789, "passed": false}, "23": {"execution_time": 0.06595849990844727, "passed": false}, "24": {"execution_time": 0.07394218444824219, "passed": false}}}, "pylint_score": "-7/10"}