{"version": "1", "message": "ERROR: Hidden Testcases server unreachable.", "problem_id": "cspp1_m10_a1_1", "user_id": "samyumobiMSIT", "score": {"sample": {"0": {"execution_time": 0.10393357276916504, "passed": true}, "1": {"execution_time": 0.10793852806091309, "passed": false}, "2": {"execution_time": 0.0959477424621582, "passed": false}, "3": {"execution_time": 0.13092494010925293, "passed": false}, "4": {"execution_time": 0.1098332405090332, "passed": false}, "5": {"execution_time": 0.10394096374511719, "passed": false}, "6": {"execution_time": 0.09694552421569824, "passed": false}, "7": {"execution_time": 0.10812044143676758, "passed": false}, "8": {"execution_time": 0.11043190956115723, "passed": false}, "9": {"execution_time": 0.10045289993286133, "passed": false}, "10": {"execution_time": 0.08395218849182129, "passed": false}, "11": {"execution_time": 0.08095455169677734, "passed": false}, "12": {"execution_time": 0.09594368934631348, "passed": false}, "13": {"execution_time": 0.08495330810546875, "passed": false}, "14": {"execution_time": 0.09194755554199219, "passed": false}, "15": {"execution_time": 0.0839543342590332, "passed": false}, "16": {"execution_time": 0.08794736862182617, "passed": false}, "17": {"execution_time": 0.09095001220703125, "passed": true}, "18": {"execution_time": 0.08795523643493652, "passed": false}, "19": {"execution_time": 0.09294509887695312, "passed": false}, "20": {"execution_time": 0.09747004508972168, "passed": true}, "21": {"execution_time": 0.0899515151977539, "passed": false}, "22": {"execution_time": 0.08195376396179199, "passed": false}, "23": {"execution_time": 0.09094643592834473, "passed": false}, "24": {"execution_time": 0.08594703674316406, "passed": false}}}, "pylint_score": "-10/10"}