{"version": "1", "message": "ERROR: Hidden Testcases server unreachable.", "problem_id": "cspp1_m10_a1_1", "user_id": "samyumobiMSIT", "score": {"sample": {"0": {"execution_time": 0.07295727729797363, "passed": true}, "1": {"execution_time": 0.0729665756225586, "passed": false}, "2": {"execution_time": 0.06774520874023438, "passed": false}, "3": {"execution_time": 0.06995916366577148, "passed": false}, "4": {"execution_time": 0.07295560836791992, "passed": false}, "5": {"execution_time": 0.07097887992858887, "passed": false}, "6": {"execution_time": 0.06896066665649414, "passed": false}, "7": {"execution_time": 0.07295894622802734, "passed": false}, "8": {"execution_time": 0.0739593505859375, "passed": false}, "9": {"execution_time": 0.07295870780944824, "passed": false}, "10": {"execution_time": 0.06196260452270508, "passed": false}, "11": {"execution_time": 0.0679616928100586, "passed": false}, "12": {"execution_time": 0.08295106887817383, "passed": false}, "13": {"execution_time": 0.07695603370666504, "passed": false}, "14": {"execution_time": 0.07595491409301758, "passed": false}, "15": {"execution_time": 0.07795429229736328, "passed": false}, "16": {"execution_time": 0.07995748519897461, "passed": false}, "17": {"execution_time": 0.0679628849029541, "passed": true}, "18": {"execution_time": 0.06696081161499023, "passed": false}, "19": {"execution_time": 0.06695699691772461, "passed": false}, "20": {"execution_time": 0.06596207618713379, "passed": true}, "21": {"execution_time": 0.06196784973144531, "passed": false}, "22": {"execution_time": 0.06697249412536621, "passed": false}, "23": {"execution_time": 0.06795978546142578, "passed": false}, "24": {"execution_time": 0.0639488697052002, "passed": false}}}, "pylint_score": "-7/10"}