{"version": "1", "message": "ERROR: Hidden Testcases server unreachable.", "problem_id": "cspp1_m10_a1_1", "user_id": "samyumobiMSIT", "score": {"sample": {"0": {"execution_time": 0.10194015502929688, "passed": true}, "1": {"execution_time": 0.07595634460449219, "passed": false}, "2": {"execution_time": 0.12147378921508789, "passed": false}, "3": {"execution_time": 0.13891935348510742, "passed": false}, "4": {"execution_time": 0.0778965950012207, "passed": false}, "5": {"execution_time": 0.07196426391601562, "passed": false}, "6": {"execution_time": 0.07595586776733398, "passed": false}, "7": {"execution_time": 0.07246828079223633, "passed": false}, "8": {"execution_time": 0.07495784759521484, "passed": false}, "9": {"execution_time": 0.06496334075927734, "passed": false}, "10": {"execution_time": 0.06496453285217285, "passed": false}, "11": {"execution_time": 0.06196475028991699, "passed": false}, "12": {"execution_time": 0.06396484375, "passed": false}, "13": {"execution_time": 0.09593629837036133, "passed": false}, "14": {"execution_time": 0.08395195007324219, "passed": false}, "15": {"execution_time": 0.07895517349243164, "passed": false}, "16": {"execution_time": 0.07095909118652344, "passed": true}, "17": {"execution_time": 0.06815242767333984, "passed": true}, "18": {"execution_time": 0.06496000289916992, "passed": true}, "19": {"execution_time": 0.06995701789855957, "passed": false}, "20": {"execution_time": 0.06396341323852539, "passed": true}, "21": {"execution_time": 0.06796979904174805, "passed": false}, "22": {"execution_time": 0.06997871398925781, "passed": false}, "23": {"execution_time": 0.06597614288330078, "passed": false}, "24": {"execution_time": 0.06496191024780273, "passed": false}}}, "pylint_score": "-7/10"}