{"version": "1", "message": "ERROR: Hidden Testcases server unreachable.", "problem_id": "cspp1_m10_a1_1", "user_id": "samyumobiMSIT", "score": {"sample": {"0": {"execution_time": 0.13991665840148926, "passed": false}, "1": {"execution_time": 0.09794449806213379, "passed": false}, "2": {"execution_time": 0.09094738960266113, "passed": false}, "3": {"execution_time": 0.09094643592834473, "passed": false}, "4": {"execution_time": 0.08994603157043457, "passed": false}, "5": {"execution_time": 0.08055710792541504, "passed": false}, "6": {"execution_time": 0.08446192741394043, "passed": false}, "7": {"execution_time": 0.09094786643981934, "passed": false}, "8": {"execution_time": 0.09794187545776367, "passed": false}, "9": {"execution_time": 0.08895015716552734, "passed": false}, "10": {"execution_time": 0.09594488143920898, "passed": false}, "11": {"execution_time": 0.08495116233825684, "passed": false}, "12": {"execution_time": 0.09594511985778809, "passed": false}, "13": {"execution_time": 0.0799570083618164, "passed": false}, "14": {"execution_time": 0.10694193840026855, "passed": false}, "15": {"execution_time": 0.09194803237915039, "passed": false}, "16": {"execution_time": 0.09093713760375977, "passed": false}, "17": {"execution_time": 0.08794593811035156, "passed": true}, "18": {"execution_time": 0.08594965934753418, "passed": false}, "19": {"execution_time": 0.09295129776000977, "passed": false}, "20": {"execution_time": 0.09394478797912598, "passed": true}, "21": {"execution_time": 0.08693885803222656, "passed": false}, "22": {"execution_time": 0.08546161651611328, "passed": false}, "23": {"execution_time": 0.09094977378845215, "passed": false}, "24": {"execution_time": 0.09894204139709473, "passed": false}}}, "pylint_score": "-10/10"}