{"version": "1", "message": "ERROR: Hidden Testcases server unreachable.", "problem_id": "cspp1_m10_a1_1", "user_id": "samyumobiMSIT", "score": {"sample": {"0": {"execution_time": 0.12892866134643555, "passed": true}, "1": {"execution_time": 10.08950400352478, "passed": false}, "2": {"execution_time": 10.077042579650879, "passed": false}, "3": {"execution_time": 10.083740711212158, "passed": false}, "4": {"execution_time": 10.085458755493164, "passed": false}, "5": {"execution_time": 10.084851741790771, "passed": false}, "6": {"execution_time": 10.082950353622437, "passed": false}, "7": {"execution_time": 10.072088718414307, "passed": false}, "8": {"execution_time": 10.072996139526367, "passed": false}, "9": {"execution_time": 10.080176830291748, "passed": false}, "10": {"execution_time": 10.065862894058228, "passed": false}, "11": {"execution_time": 10.286524534225464, "passed": false}, "12": {"execution_time": 10.08628249168396, "passed": false}, "13": {"execution_time": 10.087513208389282, "passed": false}, "14": {"execution_time": 10.087459564208984, "passed": false}, "15": {"execution_time": 10.091788530349731, "passed": false}, "16": {"execution_time": 10.077813863754272, "passed": false}, "17": {"execution_time": 0.10993576049804688, "passed": true}, "18": {"execution_time": 10.070799589157104, "passed": false}, "19": {"execution_time": 10.065930366516113, "passed": false}, "20": {"execution_time": 0.10601353645324707, "passed": true}, "21": {"execution_time": 10.06931734085083, "passed": false}, "22": {"execution_time": 10.069898843765259, "passed": false}, "23": {"execution_time": 10.065694808959961, "passed": false}, "24": {"execution_time": 10.064026594161987, "passed": false}}}, "pylint_score": "-7/10"}