{"version": "1", "message": "ERROR: Hidden Testcases server unreachable.", "problem_id": "cspp1_m10_a1_1", "user_id": "samyumobiMSIT", "score": {"sample": {"0": {"execution_time": 0.13143110275268555, "passed": true}, "1": {"execution_time": 10.084198713302612, "passed": false}, "2": {"execution_time": 10.074613809585571, "passed": false}, "3": {"execution_time": 10.082515954971313, "passed": false}, "4": {"execution_time": 10.076002359390259, "passed": false}, "5": {"execution_time": 10.077967643737793, "passed": false}, "6": {"execution_time": 10.067808628082275, "passed": false}, "7": {"execution_time": 10.068225145339966, "passed": false}, "8": {"execution_time": 10.079685926437378, "passed": false}, "9": {"execution_time": 10.088957786560059, "passed": false}, "10": {"execution_time": 10.087947368621826, "passed": false}, "11": {"execution_time": 10.063642740249634, "passed": false}, "12": {"execution_time": 10.071650743484497, "passed": false}, "13": {"execution_time": 10.086399555206299, "passed": false}, "14": {"execution_time": 10.072775840759277, "passed": false}, "15": {"execution_time": 10.083585262298584, "passed": false}, "16": {"execution_time": 10.08387804031372, "passed": false}, "17": {"execution_time": 0.0709390640258789, "passed": true}, "18": {"execution_time": 10.08678936958313, "passed": false}, "19": {"execution_time": 10.078500986099243, "passed": false}, "20": {"execution_time": 0.07095813751220703, "passed": true}, "21": {"execution_time": 10.08116865158081, "passed": false}, "22": {"execution_time": 10.094763278961182, "passed": false}, "23": {"execution_time": 10.081469058990479, "passed": false}, "24": {"execution_time": 10.08571195602417, "passed": false}}}, "pylint_score": "-6/10"}