{"version": "1", "message": "ERROR: Hidden Testcases server unreachable.", "problem_id": "cspp1_m10_a1_1", "user_id": "samyumobiMSIT", "score": {"sample": {"0": {"execution_time": 0.11993002891540527, "passed": true}, "1": {"execution_time": 10.069271087646484, "passed": false}, "2": {"execution_time": 10.06497049331665, "passed": false}, "3": {"execution_time": 10.07064175605774, "passed": false}, "4": {"execution_time": 10.06841254234314, "passed": false}, "5": {"execution_time": 10.078508853912354, "passed": false}, "6": {"execution_time": 10.06177282333374, "passed": false}, "7": {"execution_time": 10.061894655227661, "passed": false}, "8": {"execution_time": 10.075387001037598, "passed": false}, "9": {"execution_time": 10.093851327896118, "passed": false}, "10": {"execution_time": 10.075421810150146, "passed": false}, "11": {"execution_time": 10.07067322731018, "passed": false}, "12": {"execution_time": 10.065233707427979, "passed": false}, "13": {"execution_time": 10.071911573410034, "passed": false}, "14": {"execution_time": 10.064589023590088, "passed": false}, "15": {"execution_time": 10.08504867553711, "passed": false}, "16": {"execution_time": 10.0773286819458, "passed": false}, "17": {"execution_time": 0.0739591121673584, "passed": true}, "18": {"execution_time": 10.082525968551636, "passed": false}, "19": {"execution_time": 10.111155033111572, "passed": false}, "20": {"execution_time": 0.09694433212280273, "passed": true}, "21": {"execution_time": 10.075154066085815, "passed": false}, "22": {"execution_time": 10.07956862449646, "passed": false}, "23": {"execution_time": 10.107132911682129, "passed": false}, "24": {"execution_time": 10.083323240280151, "passed": false}}}, "pylint_score": "-6/10"}