{"version": "1", "message": "ERROR: Hidden Testcases server unreachable.", "problem_id": "cspp1_m10_a1_1", "user_id": "samyumobiMSIT", "score": {"sample": {"0": {"execution_time": 0.07095909118652344, "passed": true}, "1": {"execution_time": 10.065295457839966, "passed": false}, "2": {"execution_time": 10.06780743598938, "passed": false}, "3": {"execution_time": 10.065526962280273, "passed": false}, "4": {"execution_time": 10.069138050079346, "passed": false}, "5": {"execution_time": 10.071340084075928, "passed": false}, "6": {"execution_time": 10.070855617523193, "passed": false}, "7": {"execution_time": 10.068846225738525, "passed": false}, "8": {"execution_time": 10.073785543441772, "passed": false}, "9": {"execution_time": 10.066364765167236, "passed": false}, "10": {"execution_time": 10.067475318908691, "passed": false}, "11": {"execution_time": 10.060811519622803, "passed": false}, "12": {"execution_time": 10.07031536102295, "passed": false}, "13": {"execution_time": 10.066168785095215, "passed": false}, "14": {"execution_time": 10.076707124710083, "passed": false}, "15": {"execution_time": 10.067312002182007, "passed": false}, "16": {"execution_time": 10.07604455947876, "passed": false}, "17": {"execution_time": 0.08994746208190918, "passed": true}, "18": {"execution_time": 10.067840814590454, "passed": false}, "19": {"execution_time": 10.088801622390747, "passed": false}, "20": {"execution_time": 0.07446527481079102, "passed": true}, "21": {"execution_time": 10.07150673866272, "passed": false}, "22": {"execution_time": 10.06645941734314, "passed": false}, "23": {"execution_time": 10.096927165985107, "passed": false}, "24": {"execution_time": 10.079211711883545, "passed": false}}}, "pylint_score": "-6/10"}