{"version": "1", "message": "ERROR: Hidden Testcases server unreachable.", "problem_id": "cspp1_m10_a1_1", "user_id": "samyumobiMSIT", "score": {"sample": {"0": {"execution_time": 0.0733482837677002, "passed": true}, "1": {"execution_time": 0.06950569152832031, "passed": false}, "2": {"execution_time": 0.07195782661437988, "passed": false}, "3": {"execution_time": 0.07096028327941895, "passed": false}, "4": {"execution_time": 0.07496309280395508, "passed": false}, "5": {"execution_time": 0.07295680046081543, "passed": false}, "6": {"execution_time": 0.0699610710144043, "passed": false}, "7": {"execution_time": 0.06796121597290039, "passed": false}, "8": {"execution_time": 0.061980485916137695, "passed": false}, "9": {"execution_time": 0.06496477127075195, "passed": false}, "10": {"execution_time": 0.06396365165710449, "passed": false}, "11": {"execution_time": 0.06294465065002441, "passed": false}, "12": {"execution_time": 0.06496286392211914, "passed": false}, "13": {"execution_time": 0.06297850608825684, "passed": false}, "14": {"execution_time": 0.06096625328063965, "passed": false}, "15": {"execution_time": 0.06596779823303223, "passed": false}, "16": {"execution_time": 0.06347060203552246, "passed": false}, "17": {"execution_time": 0.0619807243347168, "passed": true}, "18": {"execution_time": 0.06496429443359375, "passed": false}, "19": {"execution_time": 0.0639657974243164, "passed": false}, "20": {"execution_time": 0.0619661808013916, "passed": true}, "21": {"execution_time": 0.06296348571777344, "passed": false}, "22": {"execution_time": 0.06494855880737305, "passed": false}, "23": {"execution_time": 0.06296300888061523, "passed": false}, "24": {"execution_time": 0.06696033477783203, "passed": false}}}, "pylint_score": "-8/10"}