{"version": "1", "message": "ERROR: Hidden Testcases server unreachable.", "problem_id": "cspp1_m10_a1_1", "user_id": "samyumobiMSIT", "score": {"sample": {"0": {"execution_time": 0.07395744323730469, "passed": true}, "1": {"execution_time": 0.07795190811157227, "passed": false}, "2": {"execution_time": 0.07796001434326172, "passed": false}, "3": {"execution_time": 0.07195711135864258, "passed": false}, "4": {"execution_time": 0.07046842575073242, "passed": false}, "5": {"execution_time": 0.07346558570861816, "passed": false}, "6": {"execution_time": 0.07195878028869629, "passed": false}, "7": {"execution_time": 0.06296443939208984, "passed": false}, "8": {"execution_time": 0.06395435333251953, "passed": false}, "9": {"execution_time": 0.06296443939208984, "passed": false}, "10": {"execution_time": 0.06097579002380371, "passed": false}, "11": {"execution_time": 0.06296610832214355, "passed": false}, "12": {"execution_time": 0.06196451187133789, "passed": false}, "13": {"execution_time": 0.0619664192199707, "passed": false}, "14": {"execution_time": 0.06494450569152832, "passed": false}, "15": {"execution_time": 0.06494402885437012, "passed": false}, "16": {"execution_time": 0.06196451187133789, "passed": false}, "17": {"execution_time": 0.06197524070739746, "passed": true}, "18": {"execution_time": 0.06296181678771973, "passed": false}, "19": {"execution_time": 0.0634920597076416, "passed": false}, "20": {"execution_time": 0.06295609474182129, "passed": true}, "21": {"execution_time": 0.06294488906860352, "passed": false}, "22": {"execution_time": 0.06096482276916504, "passed": false}, "23": {"execution_time": 0.06395912170410156, "passed": false}, "24": {"execution_time": 0.06496119499206543, "passed": false}}}, "pylint_score": "-7/10"}