{"version": "1", "message": "ERROR: Hidden Testcases server unreachable.", "problem_id": "cspp1_m10_a1_1", "user_id": "samyumobiMSIT", "score": {"sample": {"0": {"execution_time": 0.12992000579833984, "passed": false}, "1": {"execution_time": 0.14591670036315918, "passed": false}, "2": {"execution_time": 0.13092350959777832, "passed": false}, "3": {"execution_time": 0.13092279434204102, "passed": false}, "4": {"execution_time": 0.13392424583435059, "passed": false}, "5": {"execution_time": 0.12492680549621582, "passed": false}, "6": {"execution_time": 0.15990757942199707, "passed": false}, "7": {"execution_time": 0.1399211883544922, "passed": false}, "8": {"execution_time": 0.15291309356689453, "passed": false}, "9": {"execution_time": 0.13792157173156738, "passed": false}, "10": {"execution_time": 0.12093091011047363, "passed": false}, "11": {"execution_time": 0.11993074417114258, "passed": false}, "12": {"execution_time": 0.13792037963867188, "passed": false}, "13": {"execution_time": 0.13692188262939453, "passed": false}, "14": {"execution_time": 0.13592290878295898, "passed": false}, "15": {"execution_time": 0.12892651557922363, "passed": false}, "16": {"execution_time": 0.12992477416992188, "passed": false}, "17": {"execution_time": 0.17390179634094238, "passed": false}, "18": {"execution_time": 0.1349198818206787, "passed": false}, "19": {"execution_time": 0.13492155075073242, "passed": false}, "20": {"execution_time": 0.14291739463806152, "passed": false}, "21": {"execution_time": 0.13092327117919922, "passed": false}, "22": {"execution_time": 0.13092565536499023, "passed": false}, "23": {"execution_time": 0.14091897010803223, "passed": false}, "24": {"execution_time": 0.1339247226715088, "passed": false}}}, "pylint_score": "4/10"}