{"version": "1", "message": "ERROR: Hidden Testcases server unreachable.", "problem_id": "cspp1_m10_a1_1", "user_id": "samyumobiMSIT", "score": {"sample": {"0": {"execution_time": 0.3388082981109619, "passed": false}, "1": {"execution_time": 0.12792682647705078, "passed": false}, "2": {"execution_time": 0.10593843460083008, "passed": false}, "3": {"execution_time": 0.10793852806091309, "passed": false}, "4": {"execution_time": 0.12492799758911133, "passed": false}, "5": {"execution_time": 0.11193394660949707, "passed": false}, "6": {"execution_time": 0.09894227981567383, "passed": false}, "7": {"execution_time": 0.11793255805969238, "passed": false}, "8": {"execution_time": 0.1279277801513672, "passed": false}, "9": {"execution_time": 0.12193059921264648, "passed": false}, "10": {"execution_time": 0.12293052673339844, "passed": false}, "11": {"execution_time": 0.11293482780456543, "passed": false}, "12": {"execution_time": 0.11593389511108398, "passed": false}, "13": {"execution_time": 0.11693263053894043, "passed": false}, "14": {"execution_time": 0.12392687797546387, "passed": false}, "15": {"execution_time": 0.12392926216125488, "passed": false}, "16": {"execution_time": 0.13692140579223633, "passed": false}, "17": {"execution_time": 0.10893654823303223, "passed": false}, "18": {"execution_time": 0.13492512702941895, "passed": false}, "19": {"execution_time": 0.10493946075439453, "passed": false}, "20": {"execution_time": 0.10394096374511719, "passed": false}, "21": {"execution_time": 0.11293482780456543, "passed": false}, "22": {"execution_time": 0.12492895126342773, "passed": false}, "23": {"execution_time": 0.11593365669250488, "passed": false}, "24": {"execution_time": 0.1299266815185547, "passed": false}}}, "pylint_score": "5/10"}