{"version": "1", "message": "ERROR: Hidden Testcases server unreachable.", "problem_id": "cspp1_m10_a1_1", "user_id": "samyumobiMSIT", "score": {"sample": {"0": {"execution_time": 0.17190289497375488, "passed": false}, "1": {"execution_time": 0.16590666770935059, "passed": false}, "2": {"execution_time": 0.14291739463806152, "passed": false}, "3": {"execution_time": 0.15491175651550293, "passed": false}, "4": {"execution_time": 0.16290640830993652, "passed": false}, "5": {"execution_time": 0.15591025352478027, "passed": false}, "6": {"execution_time": 0.14191794395446777, "passed": false}, "7": {"execution_time": 0.15391063690185547, "passed": false}, "8": {"execution_time": 0.15791082382202148, "passed": false}, "9": {"execution_time": 0.15291357040405273, "passed": false}, "10": {"execution_time": 0.15691089630126953, "passed": false}, "11": {"execution_time": 0.15790939331054688, "passed": false}, "12": {"execution_time": 0.14391684532165527, "passed": false}, "13": {"execution_time": 0.14491629600524902, "passed": false}, "14": {"execution_time": 0.15291261672973633, "passed": false}, "15": {"execution_time": 0.15990924835205078, "passed": false}, "16": {"execution_time": 0.14891672134399414, "passed": false}, "17": {"execution_time": 0.14991426467895508, "passed": false}, "18": {"execution_time": 0.14791631698608398, "passed": false}, "19": {"execution_time": 0.15391325950622559, "passed": false}, "20": {"execution_time": 0.17889714241027832, "passed": false}, "21": {"execution_time": 0.15091514587402344, "passed": false}, "22": {"execution_time": 0.17090177536010742, "passed": false}, "23": {"execution_time": 0.15690946578979492, "passed": false}, "24": {"execution_time": 0.16890215873718262, "passed": false}}}, "pylint_score": "5/10"}