{"version": "1", "message": "ERROR: Hidden Testcases server unreachable.", "problem_id": "cspp1_m10_a1_1", "user_id": "samyumobiMSIT", "score": {"sample": {"0": {"execution_time": 0.4547412395477295, "passed": false}, "1": {"execution_time": 0.13392305374145508, "passed": false}, "2": {"execution_time": 0.1079401969909668, "passed": false}, "3": {"execution_time": 0.10494089126586914, "passed": false}, "4": {"execution_time": 0.10693836212158203, "passed": false}, "5": {"execution_time": 0.11193537712097168, "passed": false}, "6": {"execution_time": 0.10993623733520508, "passed": false}, "7": {"execution_time": 0.11693358421325684, "passed": false}, "8": {"execution_time": 0.1039419174194336, "passed": false}, "9": {"execution_time": 0.11793375015258789, "passed": false}, "10": {"execution_time": 0.10993814468383789, "passed": false}, "11": {"execution_time": 0.11193346977233887, "passed": false}, "12": {"execution_time": 0.10893774032592773, "passed": false}, "13": {"execution_time": 0.10893702507019043, "passed": false}, "14": {"execution_time": 0.15191340446472168, "passed": false}, "15": {"execution_time": 0.11993265151977539, "passed": false}, "16": {"execution_time": 0.10593914985656738, "passed": false}, "17": {"execution_time": 0.10993719100952148, "passed": false}, "18": {"execution_time": 0.13292312622070312, "passed": false}, "19": {"execution_time": 0.17690038681030273, "passed": false}, "20": {"execution_time": 0.12293052673339844, "passed": false}, "21": {"execution_time": 0.11193656921386719, "passed": false}, "22": {"execution_time": 0.10294246673583984, "passed": false}, "23": {"execution_time": 0.11593389511108398, "passed": false}, "24": {"execution_time": 0.10394144058227539, "passed": false}}}, "pylint_score": "9/10"}