{"version": "1", "message": "ERROR: Hidden Testcases server unreachable.", "problem_id": "cspp1_m10_a1_1", "user_id": "samyumobiMSIT", "score": {"sample": {"0": {"execution_time": 0.21887516975402832, "passed": false}, "1": {"execution_time": 0.14191889762878418, "passed": false}, "2": {"execution_time": 0.11893248558044434, "passed": false}, "3": {"execution_time": 0.15291237831115723, "passed": false}, "4": {"execution_time": 0.14092063903808594, "passed": false}, "5": {"execution_time": 0.12592792510986328, "passed": false}, "6": {"execution_time": 0.13392376899719238, "passed": false}, "7": {"execution_time": 0.14691686630249023, "passed": false}, "8": {"execution_time": 0.15691089630126953, "passed": false}, "9": {"execution_time": 0.19488787651062012, "passed": false}, "10": {"execution_time": 0.13892197608947754, "passed": false}, "11": {"execution_time": 0.14191865921020508, "passed": false}, "12": {"execution_time": 0.14491605758666992, "passed": false}, "13": {"execution_time": 0.14691615104675293, "passed": false}, "14": {"execution_time": 0.14691638946533203, "passed": false}, "15": {"execution_time": 0.25985121726989746, "passed": false}, "16": {"execution_time": 0.14092016220092773, "passed": false}, "17": {"execution_time": 0.22087430953979492, "passed": false}, "18": {"execution_time": 0.16890358924865723, "passed": false}, "19": {"execution_time": 0.14891719818115234, "passed": false}, "20": {"execution_time": 0.19089174270629883, "passed": false}, "21": {"execution_time": 0.14891552925109863, "passed": false}, "22": {"execution_time": 0.11293458938598633, "passed": false}, "23": {"execution_time": 0.17190027236938477, "passed": false}, "24": {"execution_time": 0.16090869903564453, "passed": false}}}, "pylint_score": "5/10"}