{"version": "1", "message": "ERROR: Hidden Testcases server unreachable.", "problem_id": "cspp1_m10_a1_1", "user_id": "samyumobiMSIT", "score": {"sample": {"0": {"execution_time": 0.652625322341919, "passed": false}, "1": {"execution_time": 0.17989683151245117, "passed": false}, "2": {"execution_time": 0.21587538719177246, "passed": false}, "3": {"execution_time": 0.29982924461364746, "passed": false}, "4": {"execution_time": 0.14791584014892578, "passed": false}, "5": {"execution_time": 0.14591455459594727, "passed": false}, "6": {"execution_time": 0.17989778518676758, "passed": false}, "7": {"execution_time": 0.16690349578857422, "passed": false}, "8": {"execution_time": 0.12193107604980469, "passed": false}, "9": {"execution_time": 0.12892436981201172, "passed": false}, "10": {"execution_time": 0.13992071151733398, "passed": false}, "11": {"execution_time": 0.17689871788024902, "passed": false}, "12": {"execution_time": 0.12093019485473633, "passed": false}, "13": {"execution_time": 0.12093114852905273, "passed": false}, "14": {"execution_time": 0.14591622352600098, "passed": false}, "15": {"execution_time": 0.12892556190490723, "passed": false}, "16": {"execution_time": 0.12692809104919434, "passed": false}, "17": {"execution_time": 0.2668473720550537, "passed": false}, "18": {"execution_time": 0.15191292762756348, "passed": false}, "19": {"execution_time": 0.13891983032226562, "passed": false}, "20": {"execution_time": 0.12792682647705078, "passed": false}, "21": {"execution_time": 0.13991975784301758, "passed": false}, "22": {"execution_time": 0.11293482780456543, "passed": false}, "23": {"execution_time": 0.14491891860961914, "passed": false}, "24": {"execution_time": 0.19788432121276855, "passed": false}}}, "pylint_score": "1/10"}