{"version": "1", "message": "ERROR: Hidden Testcases server unreachable.", "problem_id": "cspp1_m10_a1_1", "user_id": "samyumobiMSIT", "score": {"sample": {"0": {"execution_time": 0.13292551040649414, "passed": false}, "1": {"execution_time": 0.16590476036071777, "passed": false}, "2": {"execution_time": 0.12592649459838867, "passed": false}, "3": {"execution_time": 0.12992548942565918, "passed": false}, "4": {"execution_time": 0.12792563438415527, "passed": false}, "5": {"execution_time": 0.11893177032470703, "passed": false}, "6": {"execution_time": 0.12392973899841309, "passed": false}, "7": {"execution_time": 0.11793160438537598, "passed": false}, "8": {"execution_time": 0.12392926216125488, "passed": false}, "9": {"execution_time": 0.13092613220214844, "passed": false}, "10": {"execution_time": 0.11993145942687988, "passed": false}, "11": {"execution_time": 0.12093067169189453, "passed": false}, "12": {"execution_time": 0.11393499374389648, "passed": false}, "13": {"execution_time": 0.11993050575256348, "passed": false}, "14": {"execution_time": 0.12492990493774414, "passed": false}, "15": {"execution_time": 0.11693382263183594, "passed": false}, "16": {"execution_time": 0.14291882514953613, "passed": false}, "17": {"execution_time": 0.12892794609069824, "passed": false}, "18": {"execution_time": 0.11993241310119629, "passed": false}, "19": {"execution_time": 0.11993241310119629, "passed": false}, "20": {"execution_time": 0.11393475532531738, "passed": false}, "21": {"execution_time": 0.11693191528320312, "passed": false}, "22": {"execution_time": 0.11793255805969238, "passed": false}, "23": {"execution_time": 0.12392878532409668, "passed": false}, "24": {"execution_time": 0.12592768669128418, "passed": false}}}, "pylint_score": "4/10"}