{"version": "1", "message": "ERROR: Hidden Testcases server unreachable.", "problem_id": "cspp1_m10_a1_1", "user_id": "samyumobiMSIT", "score": {"sample": {"0": {"execution_time": 0.19888710975646973, "passed": false}, "1": {"execution_time": 0.13192510604858398, "passed": false}, "2": {"execution_time": 0.14091777801513672, "passed": false}, "3": {"execution_time": 0.14291858673095703, "passed": false}, "4": {"execution_time": 0.12293267250061035, "passed": false}, "5": {"execution_time": 0.12492728233337402, "passed": false}, "6": {"execution_time": 0.11893272399902344, "passed": false}, "7": {"execution_time": 0.12592744827270508, "passed": false}, "8": {"execution_time": 0.12193036079406738, "passed": false}, "9": {"execution_time": 0.12392807006835938, "passed": false}, "10": {"execution_time": 0.12192797660827637, "passed": false}, "11": {"execution_time": 0.12492895126342773, "passed": false}, "12": {"execution_time": 0.11493420600891113, "passed": false}, "13": {"execution_time": 0.12892699241638184, "passed": false}, "14": {"execution_time": 0.10893821716308594, "passed": false}, "15": {"execution_time": 0.11093640327453613, "passed": false}, "16": {"execution_time": 0.10694003105163574, "passed": false}, "17": {"execution_time": 0.5067105293273926, "passed": false}, "18": {"execution_time": 0.17190146446228027, "passed": false}, "19": {"execution_time": 0.13092422485351562, "passed": false}, "20": {"execution_time": 0.1319260597229004, "passed": false}, "21": {"execution_time": 0.12792754173278809, "passed": false}, "22": {"execution_time": 0.11693310737609863, "passed": false}, "23": {"execution_time": 0.12892699241638184, "passed": false}, "24": {"execution_time": 0.12792706489562988, "passed": false}}}, "pylint_score": "3/10"}