{"version": "1", "message": "ERROR: Hidden Testcases server unreachable.", "problem_id": "cspp1_m10_a1_1", "user_id": "samyumobiMSIT", "score": {"sample": {"0": {"execution_time": 0.13592076301574707, "passed": false}, "1": {"execution_time": 0.11793375015258789, "passed": true}, "2": {"execution_time": 0.10494184494018555, "passed": true}, "3": {"execution_time": 0.11093664169311523, "passed": true}, "4": {"execution_time": 0.10693883895874023, "passed": true}, "5": {"execution_time": 0.09794425964355469, "passed": false}, "6": {"execution_time": 0.12192964553833008, "passed": true}, "7": {"execution_time": 0.09694480895996094, "passed": true}, "8": {"execution_time": 0.0999441146850586, "passed": true}, "9": {"execution_time": 0.09694433212280273, "passed": false}, "10": {"execution_time": 0.1299266815185547, "passed": true}, "11": {"execution_time": 0.09694409370422363, "passed": true}, "12": {"execution_time": 0.13092565536499023, "passed": true}, "13": {"execution_time": 0.10993647575378418, "passed": false}, "14": {"execution_time": 0.18589425086975098, "passed": false}, "15": {"execution_time": 0.12892842292785645, "passed": false}, "16": {"execution_time": 0.10094356536865234, "passed": false}, "17": {"execution_time": 0.09894323348999023, "passed": false}, "18": {"execution_time": 0.09894323348999023, "passed": false}, "19": {"execution_time": 0.10993504524230957, "passed": false}, "20": {"execution_time": 0.12892770767211914, "passed": false}, "21": {"execution_time": 0.09994292259216309, "passed": false}, "22": {"execution_time": 0.10993838310241699, "passed": false}, "23": {"execution_time": 0.09894442558288574, "passed": false}, "24": {"execution_time": 0.11093688011169434, "passed": false}}}, "pylint_score": "5/10"}