{"version": "1", "message": "ERROR: Hidden Testcases server unreachable.", "problem_id": "cspp1_m10_a1_1", "user_id": "samyumobiMSIT", "score": {"sample": {"0": {"execution_time": 4.952175617218018, "passed": false}, "1": {"execution_time": 5.263996601104736, "passed": false}, "2": {"execution_time": 5.614797830581665, "passed": false}, "3": {"execution_time": 5.288984775543213, "passed": false}, "4": {"execution_time": 5.087097406387329, "passed": false}, "5": {"execution_time": 5.1230738162994385, "passed": false}, "6": {"execution_time": 5.216026067733765, "passed": false}, "7": {"execution_time": 5.190038442611694, "passed": false}, "8": {"execution_time": 5.633786678314209, "passed": false}, "9": {"execution_time": 5.124075889587402, "passed": false}, "10": {"execution_time": 5.1230785846710205, "passed": false}, "11": {"execution_time": 5.282986640930176, "passed": false}, "12": {"execution_time": 5.329959154129028, "passed": false}, "13": {"execution_time": 5.273991584777832, "passed": false}, "14": {"execution_time": 5.337954044342041, "passed": false}, "15": {"execution_time": 6.113512754440308, "passed": false}, "16": {"execution_time": 5.800692081451416, "passed": false}, "17": {"execution_time": 5.825676679611206, "passed": false}, "18": {"execution_time": 5.177046060562134, "passed": false}, "19": {"execution_time": 5.349946737289429, "passed": false}, "20": {"execution_time": 5.149063348770142, "passed": false}, "21": {"execution_time": 5.238011837005615, "passed": false}, "22": {"execution_time": 5.011141300201416, "passed": false}, "23": {"execution_time": 5.244008541107178, "passed": false}, "24": {"execution_time": 5.326960563659668, "passed": false}}}, "pylint_score": "7/10"}