{"version": "1", "message": "ERROR: Hidden Testcases server unreachable.", "problem_id": "cspp1_m10_a1_1", "user_id": "samyumobiMSIT", "score": {"sample": {"0": {"execution_time": 0.11193633079528809, "passed": false}, "1": {"execution_time": 0.11093640327453613, "passed": false}, "2": {"execution_time": 0.16790485382080078, "passed": false}, "3": {"execution_time": 0.11193609237670898, "passed": false}, "4": {"execution_time": 0.14691662788391113, "passed": false}, "5": {"execution_time": 0.1319262981414795, "passed": false}, "6": {"execution_time": 0.36579084396362305, "passed": false}, "7": {"execution_time": 0.10394024848937988, "passed": false}, "8": {"execution_time": 0.10293984413146973, "passed": false}, "9": {"execution_time": 0.08695054054260254, "passed": false}, "10": {"execution_time": 0.11293625831604004, "passed": false}, "11": {"execution_time": 0.1159358024597168, "passed": false}, "12": {"execution_time": 0.10693740844726562, "passed": false}, "13": {"execution_time": 0.10993719100952148, "passed": false}, "14": {"execution_time": 0.1039419174194336, "passed": false}, "15": {"execution_time": 0.11093521118164062, "passed": false}, "16": {"execution_time": 0.115936279296875, "passed": false}, "17": {"execution_time": 0.09994149208068848, "passed": false}, "18": {"execution_time": 0.10693812370300293, "passed": false}, "19": {"execution_time": 0.09894323348999023, "passed": false}, "20": {"execution_time": 0.10693860054016113, "passed": false}, "21": {"execution_time": 0.09794330596923828, "passed": false}, "22": {"execution_time": 0.10893845558166504, "passed": false}, "23": {"execution_time": 0.10193967819213867, "passed": false}, "24": {"execution_time": 0.12492799758911133, "passed": false}}}, "pylint_score": "-5/10"}