{"version": "1", "message": "ERROR: Hidden Testcases server unreachable.", "problem_id": "cspp1_m10_a1_1", "user_id": "samyumobiMSIT", "score": {"sample": {"0": {"execution_time": 0.18489527702331543, "passed": false}, "1": {"execution_time": 0.19988489151000977, "passed": false}, "2": {"execution_time": 0.13092494010925293, "passed": false}, "3": {"execution_time": 0.12992620468139648, "passed": false}, "4": {"execution_time": 0.12292909622192383, "passed": false}, "5": {"execution_time": 0.12592482566833496, "passed": false}, "6": {"execution_time": 0.13292288780212402, "passed": false}, "7": {"execution_time": 0.12392926216125488, "passed": false}, "8": {"execution_time": 0.12192964553833008, "passed": false}, "9": {"execution_time": 0.12792658805847168, "passed": false}, "10": {"execution_time": 0.12892699241638184, "passed": false}, "11": {"execution_time": 0.12392830848693848, "passed": false}, "12": {"execution_time": 0.11493492126464844, "passed": false}, "13": {"execution_time": 0.12592792510986328, "passed": false}, "14": {"execution_time": 0.1439189910888672, "passed": false}, "15": {"execution_time": 0.11593389511108398, "passed": false}, "16": {"execution_time": 0.12093162536621094, "passed": false}, "17": {"execution_time": 0.11593246459960938, "passed": false}, "18": {"execution_time": 0.11193561553955078, "passed": false}, "19": {"execution_time": 0.12692832946777344, "passed": false}, "20": {"execution_time": 0.12193036079406738, "passed": false}, "21": {"execution_time": 0.12292861938476562, "passed": false}, "22": {"execution_time": 0.15790963172912598, "passed": false}, "23": {"execution_time": 0.12492775917053223, "passed": false}, "24": {"execution_time": 0.11093783378601074, "passed": false}}}, "pylint_score": "3/10"}