{"version": "1", "message": "ERROR: Hidden Testcases server unreachable.", "problem_id": "cspp1_m10_a1_1", "user_id": "samyumobiMSIT", "score": {"sample": {"0": {"execution_time": 0.11793184280395508, "passed": false}, "1": {"execution_time": 0.11293601989746094, "passed": false}, "2": {"execution_time": 0.10993552207946777, "passed": false}, "3": {"execution_time": 0.11393427848815918, "passed": false}, "4": {"execution_time": 0.11893033981323242, "passed": false}, "5": {"execution_time": 0.12193036079406738, "passed": false}, "6": {"execution_time": 0.11793184280395508, "passed": false}, "7": {"execution_time": 0.12892627716064453, "passed": false}, "8": {"execution_time": 0.12093019485473633, "passed": false}, "9": {"execution_time": 0.11893224716186523, "passed": false}, "10": {"execution_time": 0.12592673301696777, "passed": false}, "11": {"execution_time": 0.13092398643493652, "passed": false}, "12": {"execution_time": 0.11992931365966797, "passed": false}, "13": {"execution_time": 0.12292885780334473, "passed": false}, "14": {"execution_time": 0.13092732429504395, "passed": false}, "15": {"execution_time": 0.12093138694763184, "passed": false}, "16": {"execution_time": 0.12392973899841309, "passed": false}, "17": {"execution_time": 0.11493349075317383, "passed": false}, "18": {"execution_time": 0.11993122100830078, "passed": false}, "19": {"execution_time": 0.12292814254760742, "passed": false}, "20": {"execution_time": 0.11893177032470703, "passed": false}, "21": {"execution_time": 0.10993790626525879, "passed": false}, "22": {"execution_time": 0.12992525100708008, "passed": false}, "23": {"execution_time": 0.11993122100830078, "passed": false}, "24": {"execution_time": 0.11893153190612793, "passed": false}}}, "pylint_score": "8/10"}