{"version": "1", "message": "ERROR: Hidden Testcases server unreachable.", "problem_id": "cspp1_m10_a1_1", "user_id": "samyumobiMSIT", "score": {"sample": {"0": {"execution_time": 0.12492966651916504, "passed": false}, "1": {"execution_time": 0.10693860054016113, "passed": false}, "2": {"execution_time": 0.1079397201538086, "passed": false}, "3": {"execution_time": 0.11493444442749023, "passed": false}, "4": {"execution_time": 0.10693931579589844, "passed": false}, "5": {"execution_time": 0.11493563652038574, "passed": false}, "6": {"execution_time": 0.11193466186523438, "passed": false}, "7": {"execution_time": 0.10993671417236328, "passed": false}, "8": {"execution_time": 0.10793852806091309, "passed": false}, "9": {"execution_time": 0.11393475532531738, "passed": false}, "10": {"execution_time": 0.13391947746276855, "passed": false}, "11": {"execution_time": 0.09994316101074219, "passed": false}, "12": {"execution_time": 0.11393523216247559, "passed": false}, "13": {"execution_time": 0.10294103622436523, "passed": false}, "14": {"execution_time": 0.10294151306152344, "passed": false}, "15": {"execution_time": 0.1479167938232422, "passed": false}, "16": {"execution_time": 0.11293387413024902, "passed": false}, "17": {"execution_time": 0.10793828964233398, "passed": false}, "18": {"execution_time": 0.12193036079406738, "passed": false}, "19": {"execution_time": 0.10693812370300293, "passed": false}, "20": {"execution_time": 0.16290712356567383, "passed": false}, "21": {"execution_time": 0.10793805122375488, "passed": false}, "22": {"execution_time": 0.11493277549743652, "passed": false}, "23": {"execution_time": 0.12292861938476562, "passed": false}, "24": {"execution_time": 0.11693453788757324, "passed": false}}}, "pylint_score": "8/10"}