{"version": "1", "message": "ERROR: Hidden Testcases server unreachable.", "problem_id": "cspp1_m10_a1_1", "user_id": "samyumobiMSIT", "score": {"sample": {"0": {"execution_time": 0.1019430160522461, "passed": false}, "1": {"execution_time": 0.08994817733764648, "passed": false}, "2": {"execution_time": 0.09594440460205078, "passed": false}, "3": {"execution_time": 0.12193107604980469, "passed": false}, "4": {"execution_time": 0.13292407989501953, "passed": false}, "5": {"execution_time": 0.14191985130310059, "passed": false}, "6": {"execution_time": 0.12392902374267578, "passed": false}, "7": {"execution_time": 0.12892556190490723, "passed": false}, "8": {"execution_time": 0.11293601989746094, "passed": false}, "9": {"execution_time": 0.12592697143554688, "passed": false}, "10": {"execution_time": 0.38578033447265625, "passed": false}, "11": {"execution_time": 0.12892365455627441, "passed": false}, "12": {"execution_time": 0.14991402626037598, "passed": false}, "13": {"execution_time": 0.13092541694641113, "passed": false}, "14": {"execution_time": 0.12292957305908203, "passed": false}, "15": {"execution_time": 0.13292455673217773, "passed": false}, "16": {"execution_time": 0.11193609237670898, "passed": false}, "17": {"execution_time": 0.10393905639648438, "passed": false}, "18": {"execution_time": 0.12892532348632812, "passed": false}, "19": {"execution_time": 0.25385546684265137, "passed": false}, "20": {"execution_time": 0.12392830848693848, "passed": false}, "21": {"execution_time": 0.11693191528320312, "passed": false}, "22": {"execution_time": 0.11293625831604004, "passed": false}, "23": {"execution_time": 0.12092947959899902, "passed": false}, "24": {"execution_time": 0.13292360305786133, "passed": false}}}, "pylint_score": "9/10"}