{"version": "1", "message": "ERROR: Hidden Testcases server unreachable.", "problem_id": "cspp1_m10_a1_1", "user_id": "samyumobiMSIT", "score": {"sample": {"0": {"execution_time": 0.15391325950622559, "passed": false}, "1": {"execution_time": 0.12093114852905273, "passed": true}, "2": {"execution_time": 0.1039426326751709, "passed": true}, "3": {"execution_time": 0.10394167900085449, "passed": true}, "4": {"execution_time": 0.10893750190734863, "passed": true}, "5": {"execution_time": 0.10693907737731934, "passed": false}, "6": {"execution_time": 0.09794497489929199, "passed": true}, "7": {"execution_time": 0.09594511985778809, "passed": true}, "8": {"execution_time": 0.12293028831481934, "passed": true}, "9": {"execution_time": 0.10494041442871094, "passed": false}, "10": {"execution_time": 0.10993719100952148, "passed": true}, "11": {"execution_time": 0.12193107604980469, "passed": true}, "12": {"execution_time": 0.1019430160522461, "passed": true}, "13": {"execution_time": 0.11893105506896973, "passed": false}, "14": {"execution_time": 0.09394598007202148, "passed": false}, "15": {"execution_time": 0.10893702507019043, "passed": false}, "16": {"execution_time": 0.10993552207946777, "passed": false}, "17": {"execution_time": 0.11493515968322754, "passed": false}, "18": {"execution_time": 0.11793303489685059, "passed": false}, "19": {"execution_time": 0.11393570899963379, "passed": false}, "20": {"execution_time": 0.12392830848693848, "passed": false}, "21": {"execution_time": 0.11293578147888184, "passed": false}, "22": {"execution_time": 0.11993288993835449, "passed": false}, "23": {"execution_time": 0.11693310737609863, "passed": false}, "24": {"execution_time": 0.10893654823303223, "passed": false}}}, "pylint_score": "4/10"}