{"version": "1", "message": "ERROR: Hidden Testcases server unreachable.", "problem_id": "cspp1_m10_a1_1", "user_id": "samyumobiMSIT", "score": {"sample": {"0": {"execution_time": 0.3737776279449463, "passed": false}, "1": {"execution_time": 0.12892436981201172, "passed": false}, "2": {"execution_time": 0.14591670036315918, "passed": false}, "3": {"execution_time": 0.12692737579345703, "passed": false}, "4": {"execution_time": 0.14291763305664062, "passed": false}, "5": {"execution_time": 0.12692523002624512, "passed": false}, "6": {"execution_time": 0.13692307472229004, "passed": false}, "7": {"execution_time": 0.13791966438293457, "passed": false}, "8": {"execution_time": 0.28783559799194336, "passed": false}, "9": {"execution_time": 0.18789243698120117, "passed": false}, "10": {"execution_time": 0.13092446327209473, "passed": false}, "11": {"execution_time": 0.1299266815185547, "passed": false}, "12": {"execution_time": 0.12792658805847168, "passed": false}, "13": {"execution_time": 0.13192462921142578, "passed": false}, "14": {"execution_time": 0.13991999626159668, "passed": false}, "15": {"execution_time": 0.14091849327087402, "passed": false}, "16": {"execution_time": 0.12792706489562988, "passed": false}, "17": {"execution_time": 0.12293004989624023, "passed": false}, "18": {"execution_time": 0.12692809104919434, "passed": false}, "19": {"execution_time": 0.12692952156066895, "passed": false}, "20": {"execution_time": 0.12293076515197754, "passed": false}, "21": {"execution_time": 0.12392640113830566, "passed": false}, "22": {"execution_time": 0.14491677284240723, "passed": false}, "23": {"execution_time": 0.14891552925109863, "passed": false}, "24": {"execution_time": 0.16790318489074707, "passed": false}}}, "pylint_score": "4/10"}