{"version": "1", "message": "ERROR: Hidden Testcases server unreachable.", "problem_id": "cspp1_m10_a1_1", "user_id": "samyumobiMSIT", "score": {"sample": {"0": {"execution_time": 0.11993288993835449, "passed": false}, "1": {"execution_time": 0.11193656921386719, "passed": true}, "2": {"execution_time": 0.12892580032348633, "passed": true}, "3": {"execution_time": 0.09794425964355469, "passed": true}, "4": {"execution_time": 0.12892651557922363, "passed": true}, "5": {"execution_time": 0.11093616485595703, "passed": false}, "6": {"execution_time": 0.11493349075317383, "passed": true}, "7": {"execution_time": 0.11093688011169434, "passed": true}, "8": {"execution_time": 0.10494089126586914, "passed": true}, "9": {"execution_time": 0.10593867301940918, "passed": false}, "10": {"execution_time": 0.11293649673461914, "passed": true}, "11": {"execution_time": 0.10493874549865723, "passed": true}, "12": {"execution_time": 0.12293148040771484, "passed": true}, "13": {"execution_time": 0.11693215370178223, "passed": false}, "14": {"execution_time": 0.6336407661437988, "passed": false}, "15": {"execution_time": 0.10294198989868164, "passed": false}, "16": {"execution_time": 0.11093664169311523, "passed": false}, "17": {"execution_time": 0.1039419174194336, "passed": false}, "18": {"execution_time": 0.10293817520141602, "passed": false}, "19": {"execution_time": 0.10594010353088379, "passed": false}, "20": {"execution_time": 0.11093592643737793, "passed": false}, "21": {"execution_time": 0.13991975784301758, "passed": false}, "22": {"execution_time": 0.11493182182312012, "passed": false}, "23": {"execution_time": 0.10693597793579102, "passed": false}, "24": {"execution_time": 0.10693740844726562, "passed": false}}}, "pylint_score": "5/10"}