{"version": "1", "message": "ERROR: Hidden Testcases server unreachable.", "problem_id": "cspp1_m10_a1_1", "user_id": "samyumobiMSIT", "score": {"sample": {"0": {"execution_time": 0.12192797660827637, "passed": false}, "1": {"execution_time": 0.13692212104797363, "passed": true}, "2": {"execution_time": 0.10393834114074707, "passed": true}, "3": {"execution_time": 0.10593843460083008, "passed": true}, "4": {"execution_time": 0.11793279647827148, "passed": true}, "5": {"execution_time": 0.10493755340576172, "passed": false}, "6": {"execution_time": 0.10893678665161133, "passed": true}, "7": {"execution_time": 0.10693645477294922, "passed": true}, "8": {"execution_time": 0.11993098258972168, "passed": true}, "9": {"execution_time": 0.12792611122131348, "passed": false}, "10": {"execution_time": 0.10094189643859863, "passed": true}, "11": {"execution_time": 0.11593413352966309, "passed": true}, "12": {"execution_time": 0.11693382263183594, "passed": true}, "13": {"execution_time": 0.12592649459838867, "passed": false}, "14": {"execution_time": 0.11593341827392578, "passed": false}, "15": {"execution_time": 0.11493420600891113, "passed": false}, "16": {"execution_time": 0.11493492126464844, "passed": false}, "17": {"execution_time": 0.11393570899963379, "passed": false}, "18": {"execution_time": 0.10493659973144531, "passed": false}, "19": {"execution_time": 0.11393380165100098, "passed": false}, "20": {"execution_time": 0.09994292259216309, "passed": false}, "21": {"execution_time": 0.10993719100952148, "passed": false}, "22": {"execution_time": 0.10493755340576172, "passed": false}, "23": {"execution_time": 0.12792634963989258, "passed": false}, "24": {"execution_time": 0.13991785049438477, "passed": false}}}, "pylint_score": "5/10"}