{"version": "1", "message": "ERROR: Hidden Testcases server unreachable.", "problem_id": "cspp1_m10_a1_1", "user_id": "samyumobiMSIT", "score": {"sample": {"0": {"execution_time": 0.14091968536376953, "passed": false}, "1": {"execution_time": 0.14291858673095703, "passed": false}, "2": {"execution_time": 0.17090272903442383, "passed": false}, "3": {"execution_time": 0.14991545677185059, "passed": false}, "4": {"execution_time": 0.17290210723876953, "passed": false}, "5": {"execution_time": 0.14391779899597168, "passed": false}, "6": {"execution_time": 0.14191961288452148, "passed": false}, "7": {"execution_time": 0.14091944694519043, "passed": false}, "8": {"execution_time": 0.14091920852661133, "passed": false}, "9": {"execution_time": 0.13792204856872559, "passed": false}, "10": {"execution_time": 0.1379234790802002, "passed": false}, "11": {"execution_time": 0.18089675903320312, "passed": false}, "12": {"execution_time": 0.13692188262939453, "passed": false}, "13": {"execution_time": 0.13792109489440918, "passed": false}, "14": {"execution_time": 0.13092350959777832, "passed": false}, "15": {"execution_time": 0.12792706489562988, "passed": false}, "16": {"execution_time": 0.13492321968078613, "passed": false}, "17": {"execution_time": 0.17989730834960938, "passed": false}, "18": {"execution_time": 0.15291261672973633, "passed": false}, "19": {"execution_time": 0.13392353057861328, "passed": false}, "20": {"execution_time": 0.13492298126220703, "passed": false}, "21": {"execution_time": 0.16490530967712402, "passed": false}, "22": {"execution_time": 0.13292503356933594, "passed": false}, "23": {"execution_time": 0.12792706489562988, "passed": false}, "24": {"execution_time": 0.13892126083374023, "passed": false}}}, "pylint_score": "0/0"}