{"version": "1", "message": "ERROR: Hidden Testcases server unreachable.", "problem_id": "cspp1_m10_a1_1", "user_id": "samyumobiMSIT", "score": {"sample": {"0": {"execution_time": 0.19488763809204102, "passed": false}, "1": {"execution_time": 0.11493492126464844, "passed": false}, "2": {"execution_time": 0.11993288993835449, "passed": false}, "3": {"execution_time": 0.15191364288330078, "passed": false}, "4": {"execution_time": 0.13891959190368652, "passed": false}, "5": {"execution_time": 0.12792587280273438, "passed": false}, "6": {"execution_time": 0.13192534446716309, "passed": false}, "7": {"execution_time": 0.13092398643493652, "passed": false}, "8": {"execution_time": 0.1309223175048828, "passed": false}, "9": {"execution_time": 0.13092541694641113, "passed": false}, "10": {"execution_time": 0.14991283416748047, "passed": false}, "11": {"execution_time": 0.35779666900634766, "passed": false}, "12": {"execution_time": 0.13492155075073242, "passed": false}, "13": {"execution_time": 0.1339249610900879, "passed": false}, "14": {"execution_time": 0.12892723083496094, "passed": false}, "15": {"execution_time": 0.12992501258850098, "passed": false}, "16": {"execution_time": 0.12093138694763184, "passed": false}, "17": {"execution_time": 0.13492250442504883, "passed": false}, "18": {"execution_time": 0.12592840194702148, "passed": false}, "19": {"execution_time": 0.13192510604858398, "passed": false}, "20": {"execution_time": 0.13392424583435059, "passed": false}, "21": {"execution_time": 0.13392376899719238, "passed": false}, "22": {"execution_time": 0.13092470169067383, "passed": false}, "23": {"execution_time": 0.12792563438415527, "passed": false}, "24": {"execution_time": 0.136918306350708, "passed": false}}}, "pylint_score": "4/10"}