{"version": "1", "message": "ERROR: Hidden Testcases server unreachable.", "problem_id": "cspp1_m10_a1_1", "user_id": "samyumobiMSIT", "score": {"sample": {"0": {"execution_time": 0.12692642211914062, "passed": true}, "1": {"execution_time": 0.10693860054016113, "passed": true}, "2": {"execution_time": 0.10693836212158203, "passed": true}, "3": {"execution_time": 0.11593413352966309, "passed": true}, "4": {"execution_time": 0.10494089126586914, "passed": true}, "5": {"execution_time": 0.10993647575378418, "passed": false}, "6": {"execution_time": 0.10593914985656738, "passed": true}, "7": {"execution_time": 0.11393260955810547, "passed": true}, "8": {"execution_time": 0.11493396759033203, "passed": true}, "9": {"execution_time": 0.10693812370300293, "passed": false}, "10": {"execution_time": 0.11093759536743164, "passed": true}, "11": {"execution_time": 0.10493898391723633, "passed": true}, "12": {"execution_time": 0.11893177032470703, "passed": true}, "13": {"execution_time": 0.14391875267028809, "passed": false}, "14": {"execution_time": 0.10893368721008301, "passed": false}, "15": {"execution_time": 0.1069343090057373, "passed": false}, "16": {"execution_time": 0.1049354076385498, "passed": false}, "17": {"execution_time": 0.09894323348999023, "passed": true}, "18": {"execution_time": 0.11393499374389648, "passed": false}, "19": {"execution_time": 0.09994339942932129, "passed": false}, "20": {"execution_time": 0.10493898391723633, "passed": true}, "21": {"execution_time": 0.12492799758911133, "passed": false}, "22": {"execution_time": 0.10694003105163574, "passed": false}, "23": {"execution_time": 0.10693883895874023, "passed": false}, "24": {"execution_time": 0.10593748092651367, "passed": false}}}, "pylint_score": "7/10"}